Case,Forename,Surname,Adrs1,Adrs2,Adrs3,Adrs4,Adrs5,Postcode,DOB,Client Phone,Order No,Ord Type,Desc,Made Date,Issue Date
93559987,Behat,User,Address line 1,Address line 2,Address line 3,Address line 4,Address line 5,AB1 2CD,21-Mar-1954,01933 625424,1,1,"Property & Affairs Deputy (Financial)
",1-Aug-2018,15-Aug-2018
93559987,Behat,User,Address line 1,Address line 2,Address line 3,Address line 4,Address line 5,AB1 2CD,21-Mar-1954,01933 625424,2,2,Health & Welfare Deputy,2-Aug-2018,17-Aug-2018
93559986,Behat,User,Address line 1,Address line 2,Address line 3,Address line 4,Address line 5,AB1 2CD,21-Mar-1954,01933 625424,3,1,"Property & Affairs Deputy (Financial)
",1-Aug-2018,15-Aug-2018
93559986,Behat,User,Address line 1,Address line 2,Address line 3,Address line 4,Address line 5,AB1 2CD,21-Mar-1954,01933 625424,4,2,Health & Welfare Deputy,2-Aug-2018,17-Aug-2018
33370455,Behat,User,Address line 1,Address line 2,Address line 3,Address line 4,Address line 5,AB1 2CD,21-Mar-1954,01933 625424,5,1,"Property & Affairs Deputy (Financial)
",1-Aug-2018,18-Aug-2018
1205499T,Behat,User,Address line 1,Address line 2,Address line 3,Address line 4,Address line 5,AB1 2CD,21-Mar-1954,01933 625424,6,2,Health & Welfare Deputy,2-Aug-2018,19-Aug-2018
81622493,Behat,User,Address line 1,Address line 2,Address line 3,Address line 4,Address line 5,AB1 2CD,21-Mar-1954,01933 625424,7,1,"Property & Affairs Deputy (Financial)
",1-Aug-2018,20-Aug-2018
37993416,Behat,User,Address line 1,Address line 2,Address line 3,Address line 4,Address line 5,AB1 2CD,21-Mar-1954,01933 625424,8,2,Health & Welfare Deputy,2-Aug-2018,21-Aug-2018
97922903,Behat,User,Address line 1,Address line 2,Address line 3,Address line 4,Address line 5,AB1 2CD,21-Mar-1954,01933 625424,9,1,"Property & Affairs Deputy (Financial)
",1-Aug-2018,22-Aug-2018
73191156,Behat,User,Address line 1,Address line 2,Address line 3,Address line 4,Address line 5,AB1 2CD,21-Mar-1954,01933 625424,10,2,Health & Welfare Deputy,2-Aug-2018,23-Aug-2018
57751831,Behat,User,Address line 1,Address line 2,Address line 3,Address line 4,Address line 5,AB1 2CD,21-Mar-1954,01933 625424,11,1,"Property & Affairs Deputy (Financial)
",1-Aug-2018,24-Aug-2018
11774574,Behat,User,Address line 1,Address line 2,Address line 3,Address line 4,Address line 5,AB1 2CD,21-Mar-1954,01933 625424,12,2,Health & Welfare Deputy,2-Aug-2018,25-Aug-2018
12439899,Behat,User,Address line 1,Address line 2,Address line 3,Address line 4,Address line 5,AB1 2CD,21-Mar-1954,01933 625424,13,1,"Property & Affairs Deputy (Financial)
",1-Aug-2018,26-Aug-2018
71779980,Behat,User,Address line 1,Address line 2,Address line 3,Address line 4,Address line 5,AB1 2CD,21-Mar-1954,01933 625424,14,2,Health & Welfare Deputy,2-Aug-2018,27-Aug-2018
39604457,Behat,User,Address line 1,Address line 2,Address line 3,Address line 4,Address line 5,AB1 2CD,21-Mar-1954,01933 625424,15,1,"Property & Affairs Deputy (Financial)
",1-Aug-2018,28-Aug-2018
24074137,Behat,User,Address line 1,Address line 2,Address line 3,Address line 4,Address line 5,AB1 2CD,21-Mar-1954,01933 625424,16,2,Health & Welfare Deputy,2-Aug-2018,29-Aug-2018
5346698,Behat,User,Address line 1,Address line 2,Address line 3,Address line 4,Address line 5,AB1 2CD,21-Mar-1954,01933 625424,17,1,"Property & Affairs Deputy (Financial)
",1-Aug-2018,30-Aug-2018
13632962,Behat,User,Address line 1,Address line 2,Address line 3,Address line 4,Address line 5,AB1 2CD,21-Mar-1954,01933 625424,18,2,Health & Welfare Deputy,2-Aug-2018,31-Aug-2018
86738789,Behat,User,Address line 1,Address line 2,Address line 3,Address line 4,Address line 5,AB1 2CD,21-Mar-1954,01933 625424,19,1,"Property & Affairs Deputy (Financial)
",1-Sep-2018,1-Sep-2018
90893837,Behat,User,Address line 1,Address line 2,Address line 3,Address line 4,Address line 5,AB1 2CD,21-Mar-1954,01933 625424,20,2,Health & Welfare Deputy,2-Sep-2018,2-Sep-2018
87287239,Behat,User,Address line 1,Address line 2,Address line 3,Address line 4,Address line 5,AB1 2CD,21-Mar-1954,01933 625424,21,1,"Property & Affairs Deputy (Financial)
",1-Sep-2018,3-Sep-2018
44816749,Behat,User,Address line 1,Address line 2,Address line 3,Address line 4,Address line 5,AB1 2CD,21-Mar-1954,01933 625424,22,2,Health & Welfare Deputy,2-Sep-2018,4-Sep-2018
43394707,Behat,User,Address line 1,Address line 2,Address line 3,Address line 4,Address line 5,AB1 2CD,21-Mar-1954,01933 625424,23,1,"Property & Affairs Deputy (Financial)
",1-Sep-2018,5-Sep-2018
34712154,Behat,User,Address line 1,Address line 2,Address line 3,Address line 4,Address line 5,AB1 2CD,21-Mar-1954,01933 625424,24,2,Health & Welfare Deputy,2-Sep-2018,6-Sep-2018
55288404,Behat,User,Address line 1,Address line 2,Address line 3,Address line 4,Address line 5,AB1 2CD,21-Mar-1954,01933 625424,25,1,"Property & Affairs Deputy (Financial)
",1-Sep-2018,7-Sep-2018
40368846,Behat,User,Address line 1,Address line 2,Address line 3,Address line 4,Address line 5,AB1 2CD,21-Mar-1954,01933 625424,26,2,Health & Welfare Deputy,2-Sep-2018,8-Sep-2018
9828955,Behat,User,Address line 1,Address line 2,Address line 3,Address line 4,Address line 5,AB1 2CD,21-Mar-1954,01933 625424,27,1,"Property & Affairs Deputy (Financial)
",1-Sep-2018,9-Sep-2018
25837180,Behat,User,Address line 1,Address line 2,Address line 3,Address line 4,Address line 5,AB1 2CD,21-Mar-1954,01933 625424,28,2,Health & Welfare Deputy,2-Sep-2018,10-Sep-2018
